Win/Loss, Final Score, Highest Tile, Number of Moves, Time Elapsed
L, 6284, 512, 447, 0.852248
L, 16908, 1024, 1005, 2.42864
W, 27316, 2048, 1437, 3.01919
