Win/Loss, Final Score, Highest Tile, Number of Moves, Time Elapsed
L, 320, 32, 65, 0.035405
L, 732, 64, 108, 0.0365083
L, 684, 64, 96, 0.0392629
L, 1100, 128, 139, 0.0398959
L, 1312, 128, 171, 0.0457859
L, 1348, 128, 169, 0.0510955
L, 1472, 128, 198, 0.0530314
L, 1476, 128, 184, 0.0445875
L, 1032, 128, 137, 0.0562655
L, 308, 32, 64, 0.0187667
